{"11": -0.004239310241015204, "12": -0.0042131158770537525, "13": -0.004203512235761764, "14": -0.004276632024950544, "15": -0.004260873667359277, "16": -0.004259020435920746, "17": -0.0042300450484304974, "18": -0.004156687354921473, "19": -0.004143577588614278, "21": -0.004321899398107121, "22": -0.0043340849636201995, "23": -0.004114510061327792, "24": -0.0039640485620751065, "25": -0.003756361418972176, "26": -0.003832701557165308, "27": -0.003807650878457025, "28": -0.004021214325909739, "29": -0.003969154104499495, "31": -0.004110962837192034, "32": -0.004263682049419515, "33": -0.004517635314023494, "34": -0.004569844981684668, "35": -0.004658641042347256, "36": -0.004533034557539395, "37": -0.004334751459932562, "38": -0.004203098692144636, "39": -0.004044462524213088, "41": -0.00456272950973613, "42": -0.004872630679152223, "43": -0.004929808511555223, "44": -0.0049640461821347515, "45": -0.00489309549217154, "46": -0.004855955084931196, "47": -0.004665701048395476, "48": -0.0046213023682781795, "49": -0.004788003094624571, "51": -0.004317627102224719, "52": -0.004131539725666045, "53": -0.003896430882122104, "54": -0.003846910660108449, "55": -0.003867718184871194, "56": -0.003979478751187315, "57": -0.004007058947781417, "58": -0.004049429373431224, "59": -0.004200235984388456, "61": -0.004772031514395536, "62": -0.005019952912110881}